url_path,views_total,views_unique
/Ricardokevins/Kevinpro-NLP-demo,30,25
/Ricardokevins/Kevinpro-NLP-demo/blob/main/Chinese.md,10,8
/Ricardokevins/Kevinpro-NLP-demo/tree/main/Pretrain,3,2
/Ricardokevins/Kevinpro-NLP-demo/tree/main/GPT,2,2
/Ricardokevins/Kevinpro-NLP-demo/blob/main/GNN/tutorial/train.py,2,1
/Ricardokevins/Kevinpro-NLP-demo/tree/main/GNN/tutorial,2,1
/Ricardokevins/Kevinpro-NLP-demo/tree/main/Visualize,2,1
/Ricardokevins/Kevinpro-NLP-demo/blob/main/Pretrain/dataloader.py,1,1
/Ricardokevins/Kevinpro-NLP-demo/blob/main/Pretrain/dict.txt,1,1
/Ricardokevins/Kevinpro-NLP-demo/blob/main/Pretrain/train.py,1,1
